engine,"['x1', 'y', 'tau', 'x1_dot']"
variables,"['pointer', 'step_simu', 'max_step_simu', 'Va_control_50474_delta_th_c_engine486_delta_th_c', 'Va_c', 'Va_c_Va_control_50474_Va_c', 'Va_control_50474_delta_th_c_delta_th_c', 'Vz_control_50483_delta_e_c_delta_e_c']"
Va_control_50,"['integrator', 'y', 'Ts_K1']"
ROSACE_write_outputs,['first']
Va_c0_fun,['instance']
engine486_fun,"['T_aircraft_dynamics495_T_wcell', 'instance']"
Vz_filter_100452_fun,"['Vz_rcell', 'instance', 'Vz_f_Va_control_50474_Vz_f_wcell', 'Vz_f_Vz_control_50483_Vz_f_wcell']"
Vz_filter_100,"['debut', 'x1', 'x2', 'y', 'a0', 'b0', 'x1_tmp', 'a1', 'b1', 'x2_tmp']"
Va_control_50474_fun,"['Va_f_rcell', 'Vz_f_rcell', 'q_f_rcell', 'instance']"
delta_th_c0_fun,['instance']
